date,symbol,close,volume,turnover_hkd
2025-04-01,02800,19.8,5640000,111672000.0
2025-04-02,02800,19.824,5700000,112996594.8
2025-04-03,02800,19.848,5760000,114324115.93
2025-04-04,02800,19.872,5820000,115654564.99
2025-04-07,02800,19.896,5880000,116987943.58
2025-04-08,02800,19.92,5940000,118324253.29
2025-04-09,02800,19.944,6000000,119663495.73
2025-04-10,02800,19.968,6060000,121005672.5
2025-04-11,02800,19.992,6120000,122350785.19
2025-04-14,02800,20.016,6180000,123698835.41
2025-04-15,02800,20.04,6240000,125049824.76
2025-04-16,02800,20.064,6300000,126403754.84
2025-04-17,02800,20.088,6360000,127760627.26
2025-04-18,02800,20.112,5640000,113432913.09
2025-04-21,02800,20.136,5700000,114776893.75
2025-04-22,02800,20.16,5760000,116123814.68
2025-04-23,02800,20.184,5820000,117473677.48
2025-04-24,02800,20.209,5880000,118826483.75
2025-04-25,02800,20.233,5940000,120182235.09
2025-04-28,02800,20.257,6000000,121540933.13
2025-04-29,02800,20.281,6060000,122902579.45
2025-04-30,02800,19.883,6120000,121685958.37
2025-05-01,02800,19.907,6180000,123027678.74
2025-05-02,02800,19.931,6240000,124372341.99
2025-05-05,02800,19.956,6300000,125719949.73
2025-05-06,02800,19.98,6360000,127070503.57
2025-05-07,02800,20.004,5640000,112821088.61
2025-05-08,02800,20.028,5700000,114158734.42
2025-05-09,02800,20.052,5760000,115499324.25
2025-05-12,02800,20.076,5820000,116842859.72
2025-05-13,02800,20.1,5880000,118189342.41
2025-05-14,02800,20.124,5940000,119538773.96
2025-05-15,02800,20.149,6000000,120891155.95
2025-05-16,02800,20.173,6060000,122246490.01
2025-05-19,02800,20.197,6120000,123604777.74
2025-05-20,02800,20.221,6180000,124966020.75
2025-05-21,02800,20.245,6240000,126330220.66
2025-05-22,02800,20.269,6300000,127697379.07
2025-05-23,02800,20.294,6360000,129067497.6
2025-05-26,02800,20.318,5640000,114592657.19
2025-05-27,02800,20.342,5700000,115949805.92
2025-05-28,02800,20.366,5760000,117309912.69
2025-05-29,02800,19.967,5820000,116207961.73
2025-05-30,02800,19.991,5880000,117548078.77
2025-06-02,02800,20.015,5940000,118891148.42
2025-06-03,02800,20.04,6000000,120237172.29
2025-06-04,02800,20.064,6060000,121586152.0
2025-06-05,02800,20.088,6120000,122938089.15
2025-06-06,02800,20.112,6180000,124292985.36
2025-06-09,02800,20.136,6240000,125650842.24
2025-06-10,02800,20.161,6300000,127011661.42
2025-06-11,02800,20.185,6360000,128375444.49
2025-06-12,02800,20.209,5640000,113979122.9
2025-06-13,02800,20.233,5700000,115329919.8
2025-06-16,02800,20.258,5760000,116683678.52
2025-06-17,02800,20.282,5820000,118040400.67
2025-06-18,02800,20.306,5880000,119400087.87
2025-06-19,02800,20.33,5940000,120762741.74
2025-06-20,02800,20.355,6000000,122128363.89
2025-06-23,02800,20.379,6060000,123496955.94
2025-06-24,02800,20.403,6120000,124868519.52
2025-06-25,02800,20.428,6180000,126243056.24
2025-06-26,02800,20.452,6240000,127620567.72
2025-06-27,02800,20.051,6300000,126321508.44
2025-06-30,02800,20.075,6360000,127678913.8
2025-07-01,02800,20.1,5640000,113361617.9
2025-07-02,02800,20.124,5700000,114706020.7
2025-07-03,02800,20.148,5760000,116053389.1
2025-07-04,02800,20.172,5820000,117403724.72
2025-07-07,02800,20.197,5880000,118757029.18
2025-07-08,02800,20.221,5940000,120113304.09
2025-07-09,02800,20.245,6000000,121472551.09
2025-07-10,02800,20.27,6060000,122834771.79
2025-07-11,02800,20.294,6120000,124199967.8
2025-07-14,02800,20.318,6180000,125568140.77
2025-07-15,02800,20.343,6240000,126939292.3
2025-07-16,02800,20.367,6300000,128313424.03
2025-07-17,02800,20.392,6360000,129690537.57
2025-07-18,02800,20.416,5640000,115146164.94
2025-07-21,02800,20.44,5700000,116510213.69
2025-07-22,02800,20.465,5760000,117877242.15
2025-07-23,02800,20.489,5820000,119247251.96
2025-07-24,02800,20.514,5880000,120620244.74
2025-07-25,02800,20.538,5940000,121996222.12
2025-07-28,02800,20.135,6000000,120812496.4
2025-07-29,02800,20.16,6060000,122168303.29
2025-07-30,02800,20.184,6120000,123527089.3
2025-07-31,02800,20.209,6180000,124888856.07
2025-08-01,02800,20.233,6240000,126253605.21
2025-08-04,02800,20.257,6300000,127621338.35
2025-08-05,02800,20.282,6360000,128992057.12
2025-08-06,02800,20.306,5640000,114526932.11
2025-08-07,02800,20.331,5700000,115884569.59
2025-08-08,02800,20.355,5760000,117245190.6
2025-08-11,02800,20.38,5820000,118608796.77
2025-08-12,02800,20.404,5880000,119975389.72
2025-08-13,02800,20.428,5940000,121344971.08
2025-08-14,02800,20.453,6000000,122717542.48
2025-08-15,02800,20.477,6060000,124093105.56
2025-08-18,02800,20.502,6120000,125471661.95
2025-08-19,02800,20.526,6180000,126853213.27
2025-08-20,02800,20.551,6240000,128237761.16
2025-08-21,02800,20.575,6300000,129625307.25
2025-08-22,02800,20.6,6360000,131015853.18
2025-08-25,02800,20.625,5640000,116322277.15
2025-08-26,02800,20.22,5700000,115254878.74
2025-08-27,02800,20.245,5760000,116609049.67
2025-08-28,02800,20.269,5820000,117966209.57
2025-08-29,02800,20.294,5880000,119326360.06
2025-09-01,02800,20.318,5940000,120689502.79
2025-09-02,02800,20.343,6000000,122055639.38
2025-09-03,02800,20.367,6060000,123424771.47
2025-09-04,02800,20.392,6120000,124796900.68
2025-09-05,02800,20.416,6180000,126172028.67
2025-09-08,02800,20.441,6240000,127550157.05
2025-09-09,02800,20.465,6300000,128931287.48
2025-09-10,02800,20.49,6360000,130315421.58
2025-09-11,02800,20.514,5640000,115701315.27
2025-09-12,02800,20.539,5700000,117072288.88
2025-09-15,02800,20.564,5760000,118446264.06
2025-09-16,02800,20.588,5820000,119823242.43
2025-09-17,02800,20.613,5880000,121203225.64
2025-09-18,02800,20.637,5940000,122586215.32
2025-09-19,02800,20.662,6000000,123972213.12
2025-09-22,02800,20.687,6060000,125361220.67
2025-09-23,02800,20.711,6120000,126753239.62
2025-09-24,02800,20.305,6180000,125486438.07
2025-09-25,02800,20.33,6240000,126858104.14
2025-09-26,02800,20.354,6300000,128232776.1
2025-09-29,02800,20.379,6360000,129610455.56
2025-09-30,02800,20.404,5640000,115076332.27
2025-10-01,02800,20.428,5700000,116440834.65
2025-10-02,02800,20.453,5760000,117808342.42
2025-10-03,02800,20.477,5820000,119178857.23
2025-10-06,02800,20.502,5880000,120552380.71
2025-10-07,02800,20.527,5940000,121928914.51
2025-10-08,02800,20.551,6000000,123308460.27
2025-10-09,02800,20.576,6060000,124691019.63
2025-10-10,02800,20.601,6120000,126076594.25
2025-10-13,02800,20.625,6180000,127465185.75
2025-10-14,02800,20.65,6240000,128856795.79
2025-10-15,02800,20.675,6300000,130251426.01
2025-10-16,02800,20.7,6360000,131649078.06
2025-10-17,02800,20.724,5640000,116884830.25
2025-10-20,02800,20.749,5700000,118269242.15
2025-10-21,02800,20.774,5760000,119656673.74
2025-10-22,02800,20.798,5820000,121047126.69
2025-10-23,02800,20.391,5880000,119897326.02
2025-10-24,02800,20.415,5940000,121267360.95
2025-10-27,02800,20.44,6000000,122640411.69
2025-10-28,02800,20.465,6060000,124016479.89
2025-10-29,02800,20.489,6120000,125395567.18
2025-10-30,02800,20.514,6180000,126777675.22
2025-10-31,02800,20.539,6240000,128162805.66
2025-11-03,02800,20.564,6300000,129550960.14
2025-11-04,02800,20.588,6360000,130942140.32
2025-11-05,02800,20.613,5640000,116258099.96
2025-11-06,02800,20.638,5700000,117636023.26
2025-11-07,02800,20.663,5760000,119016970.12
2025-11-10,02800,20.687,5820000,120400942.19
2025-11-11,02800,20.712,5880000,121787941.13
2025-11-12,02800,20.737,5940000,123177968.58
2025-11-13,02800,20.762,6000000,124571026.19
2025-11-14,02800,20.787,6060000,125967115.62
2025-11-17,02800,20.811,6120000,127366238.52
2025-11-18,02800,20.836,6180000,128768396.54
2025-11-19,02800,20.861,6240000,130173591.34
2025-11-20,02800,20.886,6300000,131581824.58
2025-11-21,02800,20.477,6360000,130230629.99
2025-11-24,02800,20.501,5640000,115627314.72
2025-11-25,02800,20.526,5700000,116998706.26
2025-11-26,02800,20.551,5760000,118373125.22
2025-11-27,02800,20.576,5820000,119750573.26
2025-11-28,02800,20.601,5880000,121131052.03
2025-12-01,02800,20.625,5940000,122514563.18
2025-12-02,02800,20.65,6000000,123901108.36
2025-12-03,02800,20.675,6060000,125290689.24
2025-12-04,02800,20.7,6120000,126683307.47
2025-12-05,02800,20.725,6180000,128078964.71
2025-12-08,02800,20.75,6240000,129477662.61
2025-12-09,02800,20.775,6300000,130879402.83
2025-12-10,02800,20.799,6360000,132284187.03
2025-12-11,02800,20.824,5640000,117449061.54
2025-12-12,02800,20.849,5700000,118840508.61
2025-12-15,02800,20.874,5760000,120234997.52
2025-12-16,02800,20.899,5820000,121632529.92
2025-12-17,02800,20.924,5880000,123033107.47
2025-12-18,02800,20.949,5940000,124436731.85
2025-12-19,02800,20.974,6000000,125843404.7
2025-12-22,02800,20.563,6060000,124609887.64
2025-12-23,02800,20.588,6120000,125995957.86
2025-12-24,02800,20.612,6180000,127385070.96
2025-12-25,02800,20.637,6240000,128777228.61
2025-12-26,02800,20.662,6300000,130172432.47
2025-12-29,02800,20.687,6360000,131570684.19
2025-12-30,02800,20.712,5640000,116816510.59
2025-12-31,02800,20.737,5700000,118201408.35
2026-01-01,02800,20.762,5760000,119589351.84
2026-01-02,02800,20.787,5820000,120980342.71
2026-01-05,02800,20.812,5880000,122374382.64
2026-01-06,02800,20.837,5940000,123771473.27
2026-01-07,02800,20.862,6000000,125171616.29
2026-01-08,02800,20.887,6060000,126574813.34
2026-01-09,02800,20.912,6120000,127981066.1
2026-01-12,02800,20.937,6180000,129390376.23
2026-01-13,02800,20.962,6240000,130802745.41
2026-01-14,02800,20.987,6300000,132218175.29
2026-01-15,02800,21.012,6360000,133636667.54
2026-01-16,02800,21.037,5640000,118649280.76
2026-01-19,02800,21.062,5700000,120054355.15
2026-01-20,02800,20.649,5760000,118939530.03
2026-01-21,02800,20.674,5820000,120323935.85
2026-01-22,02800,20.699,5880000,121711394.62
2026-01-23,02800,20.724,5940000,123101907.99
2026-01-26,02800,20.749,6000000,124495477.63
2026-01-27,02800,20.774,6060000,125892105.23
2026-01-28,02800,20.799,6120000,127291792.43
2026-01-29,02800,20.824,6180000,128694540.92
2026-01-30,02800,20.849,6240000,130100352.35
2026-02-02,02800,20.874,6300000,131509228.41
2026-02-03,02800,20.9,6360000,132921170.77
2026-02-04,02800,20.925,5640000,118014962.82
2026-02-05,02800,20.95,5700000,119413470.36
2026-02-06,02800,20.975,5760000,120815042.03
2026-02-09,02800,21.0,5820000,122219679.5
2026-02-10,02800,21.025,5880000,123627384.46
2026-02-11,02800,21.05,5940000,125038158.56
2026-02-12,02800,21.075,6000000,126452003.49
2026-02-13,02800,21.1,6060000,127868920.92
2026-02-16,02800,21.126,6120000,129288912.52
2026-02-17,02800,21.151,6180000,130711979.97
2026-02-18,02800,20.736,6240000,129393416.12
2026-02-19,02800,20.761,6300000,130795694.64
2026-02-20,02800,20.786,6360000,132201043.38
2026-02-23,02800,20.811,5640000,117376538.47
2026-02-24,02800,20.837,5700000,118768435.44
2026-02-25,02800,20.862,5760000,120163400.46
2026-02-26,02800,20.887,5820000,121561435.2
2026-02-27,02800,20.912,5880000,122962541.34
2026-03-02,02800,20.937,5940000,124366720.56
2026-03-03,02800,20.962,6000000,125773974.52
2026-03-04,02800,20.988,6060000,127184304.92
2026-03-05,02800,21.013,6120000,128597713.42
2026-03-06,02800,21.038,6180000,130014201.7
2026-03-09,02800,21.063,6240000,131433771.45
2026-03-10,02800,21.088,6300000,132856424.34
2026-03-11,02800,21.114,6360000,134282162.05
2026-03-12,02800,21.139,5640000,119222735.61
2026-03-13,02800,21.164,5700000,120634957.18
2026-03-16,02800,21.189,5760000,122050261.4
2026-03-17,02800,21.215,5820000,123468649.96
2026-03-18,02800,21.24,5880000,124890124.53
2026-03-19,02800,20.823,5940000,123690939.6
2026-03-20,02800,20.849,6000000,125091558.7
2026-03-23,02800,20.874,6060000,126495258.17
2026-03-24,02800,20.899,6120000,127902039.67
2026-03-25,02800,20.924,6180000,129311904.89
2026-03-26,02800,20.949,6240000,130724855.51
2026-03-27,02800,20.975,6300000,132140893.22
2026-03-30,02800,21.0,6360000,133560019.7
2026-03-31,02800,21.025,5640000,118582525.64
2026-04-01,02800,21.051,5700000,119988118.91
2026-04-02,02800,21.076,5760000,121396798.76
2026-04-03,02800,21.101,5820000,122808566.9
2026-04-06,02800,21.126,5880000,124223425.0
2026-04-07,02800,21.152,5940000,125641374.75
2026-04-08,02800,21.177,6000000,127062417.84
2026-04-09,02800,21.202,6060000,128486555.94
2026-04-10,02800,21.228,6120000,129913790.76
2026-04-13,02800,21.253,6180000,131344123.97
2026-04-14,02800,21.278,6240000,132777557.27
2026-04-15,02800,21.304,6300000,134214092.34
2026-04-16,02800,21.329,6360000,135653730.88
2026-04-17,02800,20.911,5640000,117938174.7
2026-04-20,02800,20.936,5700000,119337095.58
2026-04-21,02800,20.962,5760000,120739107.0
2026-04-22,02800,20.987,5820000,122144210.64
2026-04-23,02800,21.012,5880000,123552408.19
2026-04-24,02800,21.038,5940000,124963701.34
2026-04-27,02800,21.063,6000000,126378091.78
2026-04-28,02800,21.088,6060000,127795581.19
2026-04-29,02800,21.114,6120000,129216171.27
2026-04-30,02800,21.139,6180000,130639863.71
2026-05-01,02800,21.165,6240000,132066660.21
2026-05-04,02800,21.19,6300000,133496562.45
2025-04-01,00700,277.2,3760000,1042272000.0
2025-04-02,00700,277.979,3800000,1056321963.2
2025-04-03,00700,278.761,3840000,1070441610.02
2025-04-04,00700,279.544,3880000,1084631186.26
2025-04-07,00700,280.329,3920000,1098890938.46
2025-04-08,00700,281.116,3960000,1113221113.89
2025-04-09,00700,281.905,4000000,1127621960.56
2025-04-10,00700,282.696,4040000,1142093727.21
2025-04-11,00700,283.489,4080000,1156636663.32
2025-04-14,00700,284.284,4120000,1171251019.12
2025-04-15,00700,285.081,4160000,1185937045.59
2025-04-16,00700,285.88,4200000,1200694994.42
2025-04-17,00700,286.68,4240000,1215525118.1
2025-04-18,00700,287.483,3760000,1080936457.61
2025-04-21,00700,288.288,3800000,1095493294.81
2025-04-22,00700,289.094,3840000,1110122046.87
2025-04-23,00700,289.903,3880000,1124822966.95
2025-04-24,00700,290.713,3920000,1139596308.94
2025-04-25,00700,291.526,3960000,1154442327.51
2025-04-28,00700,292.34,4000000,1169361278.07
2025-04-29,00700,293.157,4040000,1184353416.8
2025-04-30,00700,287.869,4080000,1174505252.85
2025-05-01,00700,288.678,4120000,1189355002.66
2025-05-02,00700,289.49,4160000,1204277752.12
2025-05-05,00700,290.303,4200000,1219273757.96
2025-05-06,00700,291.119,4240000,1234343277.63
2025-05-07,00700,291.936,3760000,1097679789.92
2025-05-08,00700,292.756,3800000,1112471016.28
2025-05-09,00700,293.577,3840000,1127335491.41
2025-05-12,00700,294.4,3880000,1142273473.47
2025-05-13,00700,295.226,3920000,1157285221.4
2025-05-14,00700,296.053,3960000,1172370994.93
2025-05-15,00700,296.883,4000000,1187531054.53
2025-05-16,00700,297.714,4040000,1202765661.46
2025-05-19,00700,298.548,4080000,1218075077.77
2025-05-20,00700,299.383,4120000,1233459566.26
2025-05-21,00700,300.221,4160000,1248919390.54
2025-05-22,00700,301.061,4200000,1264454814.98
2025-05-23,00700,301.902,4240000,1280066104.76
2025-05-26,00700,302.746,3760000,1138325527.35
2025-05-27,00700,303.592,3800000,1153649516.34
2025-05-28,00700,304.44,3840000,1169049097.57
2025-05-29,00700,298.948,3880000,1159920169.68
2025-05-30,00700,299.789,3920000,1175173336.12
2025-06-02,00700,300.632,3960000,1190501900.32
2025-06-03,00700,301.477,4000000,1205906127.92
2025-06-04,00700,302.323,4040000,1221386285.38
2025-06-05,00700,303.172,4080000,1236942639.93
2025-06-06,00700,304.023,4120000,1252575459.59
2025-06-09,00700,304.876,4160000,1268285013.19
2025-06-10,00700,305.731,4200000,1284071570.37
2025-06-11,00700,306.589,4240000,1299935401.54
2025-06-12,00700,307.448,3760000,1156003898.37
2025-06-13,00700,308.309,3800000,1171575160.2
2025-06-16,00700,309.173,3840000,1187223417.58
2025-06-17,00700,310.038,3880000,1202948941.66
2025-06-18,00700,310.906,3920000,1218752004.41
2025-06-19,00700,311.776,3960000,1234632878.63
2025-06-20,00700,312.648,4000000,1250591837.9
2025-06-23,00700,313.522,4040000,1266629156.63
2025-06-24,00700,314.398,4080000,1282745110.03
2025-06-25,00700,315.277,4120000,1298939974.15
2025-06-26,00700,316.157,4160000,1315214025.84
2025-06-27,00700,310.454,4200000,1303908869.79
2025-06-30,00700,311.327,4240000,1320028454.79
2025-07-01,00700,312.203,3760000,1173881683.99
2025-07-02,00700,313.08,3800000,1189703342.6
2025-07-03,00700,313.959,3840000,1205603424.15
2025-07-04,00700,314.841,3880000,1221582205.19
2025-07-07,00700,315.724,3920000,1237639963.08
2025-07-08,00700,316.61,3960000,1253776976.02
2025-07-09,00700,317.498,4000000,1269993523.02
2025-07-10,00700,318.389,4040000,1286289883.94
2025-07-11,00700,319.281,4080000,1302666339.45
2025-07-14,00700,320.176,4120000,1319123171.08
2025-07-15,00700,321.072,4160000,1335660661.18
2025-07-16,00700,321.971,4200000,1352279092.93
2025-07-17,00700,322.872,4240000,1368978750.38
2025-07-18,00700,323.776,3760000,1217396563.83
2025-07-21,00700,324.681,3800000,1233788646.84
2025-07-22,00700,325.589,3840000,1250261663.03
2025-07-23,00700,326.499,3880000,1266815897.22
2025-07-24,00700,327.411,3920000,1283451635.07
2025-07-25,00700,328.326,3960000,1300169163.07
2025-07-28,00700,322.403,4000000,1289613334.22
2025-07-29,00700,323.31,4040000,1306172018.93
2025-07-30,00700,324.219,4080000,1322812283.23
2025-07-31,00700,325.13,4120000,1339534414.22
2025-08-01,00700,326.043,4160000,1356338699.85
2025-08-04,00700,326.958,4200000,1373225428.93
2025-08-05,00700,327.876,4240000,1390194891.13
2025-08-06,00700,328.796,3760000,1236273396.6
2025-08-07,00700,329.718,3800000,1252929647.21
2025-08-08,00700,330.643,3840000,1269668332.69
2025-08-11,00700,331.57,3880000,1286489743.51
2025-08-12,00700,332.499,3920000,1303394171.0
2025-08-13,00700,333.43,3960000,1320381907.33
2025-08-14,00700,334.363,4000000,1337453245.58
2025-08-15,00700,335.299,4040000,1354608479.67
2025-08-18,00700,336.237,4080000,1371847904.4
2025-08-19,00700,337.178,4120000,1389171815.47
2025-08-20,00700,338.12,4160000,1406580509.42
2025-08-21,00700,339.065,4200000,1424074283.7
2025-08-22,00700,340.013,4240000,1441653436.62
2025-08-25,00700,340.962,3760000,1282017917.16
2025-08-26,00700,334.812,3800000,1272285842.87
2025-08-27,00700,335.754,3840000,1289293548.99
2025-08-28,00700,336.697,3880000,1306385513.64
2025-08-29,00700,337.643,3920000,1323562033.95
2025-09-01,00700,338.592,3960000,1340823407.88
2025-09-02,00700,339.542,4000000,1358169934.32
2025-09-03,00700,340.496,4040000,1375601913.02
2025-09-04,00700,341.451,4080000,1393119644.64
2025-09-05,00700,342.409,4120000,1410723430.73
2025-09-08,00700,343.369,4160000,1428413573.73
2025-09-09,00700,344.331,4200000,1446190376.98
2025-09-10,00700,345.296,4240000,1464054144.74
2025-09-11,00700,346.263,3760000,1301948477.76
2025-09-12,00700,347.232,3800000,1319482968.03
2025-09-15,00700,348.204,3840000,1337104109.51
2025-09-16,00700,349.178,3880000,1354812207.26
2025-09-17,00700,350.155,3920000,1372607567.28
2025-09-18,00700,351.134,3960000,1390490496.45
2025-09-19,00700,352.115,4000000,1408461302.57
2025-09-22,00700,353.099,4040000,1426520294.38
2025-09-23,00700,354.085,4080000,1444667781.49
2025-09-24,00700,347.698,4120000,1432517342.96
2025-09-25,00700,348.676,4160000,1450492509.32
2025-09-26,00700,349.656,4200000,1468555943.01
2025-09-29,00700,350.639,4240000,1486707954.3
2025-09-30,00700,351.624,3760000,1322104601.06
2025-10-01,00700,352.611,3800000,1339921303.38
2025-10-02,00700,353.601,3840000,1357826263.86
2025-10-03,00700,354.593,3880000,1375819793.63
2025-10-06,00700,355.587,3920000,1393902204.75
2025-10-07,00700,356.584,3960000,1412073810.18
2025-10-08,00700,357.584,4000000,1430334923.86
2025-10-09,00700,358.586,4040000,1448685860.61
2025-10-10,00700,359.59,4080000,1467126936.22
2025-10-13,00700,360.597,4120000,1485658467.42
2025-10-14,00700,361.606,4160000,1504280771.86
2025-10-15,00700,362.618,4200000,1522994168.15
2025-10-16,00700,363.632,4240000,1541798975.85
2025-10-17,00700,364.648,3760000,1371078303.28
2025-10-20,00700,365.668,3800000,1389536947.19
2025-10-21,00700,366.689,3840000,1408086673.41
2025-10-22,00700,367.713,3880000,1426727802.34
2025-10-23,00700,361.081,3920000,1415436250.07
2025-10-24,00700,362.096,3960000,1433900182.66
2025-10-27,00700,363.114,4000000,1452455282.76
2025-10-28,00700,364.134,4040000,1471101871.47
2025-10-29,00700,365.157,4080000,1489840270.83
2025-10-30,00700,366.182,4120000,1508670803.85
2025-10-31,00700,367.21,4160000,1527593794.48
2025-11-03,00700,368.24,4200000,1546609567.66
2025-11-04,00700,369.273,4240000,1565718449.28
2025-11-05,00700,370.309,3760000,1392360299.28
2025-11-06,00700,371.346,3800000,1411116670.32
2025-11-07,00700,372.387,3840000,1429965814.24
2025-11-10,00700,373.43,3880000,1448908057.82
2025-11-11,00700,374.475,3920000,1467943728.82
2025-11-12,00700,375.524,3960000,1487073155.96
2025-11-13,00700,376.574,4000000,1506296668.96
2025-11-14,00700,377.627,4040000,1525614598.5
2025-11-17,00700,378.683,4080000,1545027276.25
2025-11-18,00700,379.742,4120000,1564535034.86
2025-11-19,00700,380.802,4160000,1584138207.98
2025-11-20,00700,381.866,4200000,1603837130.24
2025-11-21,00700,374.978,4240000,1589906840.65
2025-11-24,00700,376.032,3760000,1413881960.75
2025-11-25,00700,377.089,3800000,1432939815.85
2025-11-26,00700,378.149,3840000,1452092163.43
2025-11-27,00700,379.211,3880000,1471339336.75
2025-11-28,00700,380.276,3920000,1490681670.06
2025-12-01,00700,381.343,3960000,1510119498.62
2025-12-02,00700,382.413,4000000,1529653158.67
2025-12-03,00700,383.486,4040000,1549282987.47
2025-12-04,00700,384.561,4080000,1569009323.25
2025-12-05,00700,385.639,4120000,1588832505.28
2025-12-08,00700,386.719,4160000,1608752873.83
2025-12-09,00700,387.803,4200000,1628770770.16
2025-12-10,00700,388.888,4240000,1648886536.58
2025-12-11,00700,389.977,3760000,1466312603.18
2025-12-12,00700,391.068,3800000,1486057778.89
2025-12-15,00700,392.162,3840000,1505900472.2
2025-12-16,00700,393.258,3880000,1525841026.32
2025-12-17,00700,394.357,3920000,1545879785.5
2025-12-18,00700,395.459,3960000,1566017095.01
2025-12-19,00700,396.563,4000000,1586253301.14
2025-12-22,00700,389.41,4040000,1573217471.51
2025-12-23,00700,390.505,4080000,1593261442.13
2025-12-24,00700,391.603,4120000,1613404054.7
2025-12-25,00700,392.703,4160000,1633645656.23
2025-12-26,00700,393.806,4200000,1653986594.77
2025-12-29,00700,394.912,4240000,1674427219.41
2025-12-30,00700,396.021,3760000,1489037203.22
2025-12-31,00700,397.132,3800000,1509100446.34
2026-01-01,00700,398.246,3840000,1529263016.16
2026-01-02,00700,399.362,3880000,1549525262.69
2026-01-05,00700,400.482,3920000,1569887537.02
2026-01-06,00700,401.604,3960000,1590350191.27
2026-01-07,00700,402.728,4000000,1610913578.6
2026-01-08,00700,403.856,4040000,1631578053.23
2026-01-09,00700,404.986,4080000,1652343970.43
2026-01-12,00700,406.119,4120000,1673211686.53
2026-01-13,00700,407.255,4160000,1694181558.91
2026-01-14,00700,408.394,4200000,1715253946.02
2026-01-15,00700,409.535,4240000,1736429207.37
2026-01-16,00700,410.679,3760000,1544154431.14
2026-01-19,00700,411.826,3800000,1564940098.47
2026-01-20,00700,404.398,3840000,1552888216.69
2026-01-21,00700,405.535,3880000,1573476217.17
2026-01-22,00700,406.675,3920000,1594166099.46
2026-01-23,00700,407.818,3960000,1614958222.68
2026-01-26,00700,408.963,4000000,1635852946.99
2026-01-27,00700,410.112,4040000,1656850633.63
2026-01-28,00700,411.263,4080000,1677951644.93
2026-01-29,00700,412.417,4120000,1699156344.28
2026-01-30,00700,413.573,4160000,1720465096.15
2026-02-02,00700,414.733,4200000,1741878266.11
2026-02-03,00700,415.895,4240000,1763396220.8
2026-02-04,00700,417.061,3760000,1568147820.82
2026-02-05,00700,418.229,3800000,1589269035.73
2026-02-06,00700,419.4,3840000,1610494657.83
2026-02-09,00700,420.573,3880000,1631825054.77
2026-02-10,00700,421.75,3920000,1653260595.28
2026-02-11,00700,422.93,3960000,1674801649.21
2026-02-12,00700,424.112,4000000,1696448587.49
2026-02-13,00700,425.297,4040000,1718201782.16
2026-02-16,00700,426.486,4080000,1740061606.35
2026-02-17,00700,427.677,4120000,1762028434.34
2026-02-18,00700,419.963,4160000,1747044129.63
2026-02-19,00700,421.143,4200000,1768802413.82
2026-02-20,00700,422.327,4240000,1790667426.06
2026-02-23,00700,423.514,3760000,1592412307.37
2026-02-24,00700,424.704,3800000,1613873313.99
2026-02-25,00700,425.896,3840000,1635440663.72
2026-02-26,00700,427.091,3880000,1657114731.48
2026-02-27,00700,428.29,3920000,1678895893.34
2026-03-02,00700,429.491,3960000,1700784526.48
2026-03-03,00700,430.695,4000000,1722781009.17
2026-03-04,00700,431.902,4040000,1744885720.86
2026-03-05,00700,433.113,4080000,1767099042.09
2026-03-06,00700,434.326,4120000,1789421354.53
2026-03-09,00700,435.542,4160000,1811853041.01
2026-03-10,00700,436.761,4200000,1834394485.48
2026-03-11,00700,437.983,4240000,1857046073.02
2026-03-12,00700,439.208,3760000,1651420278.96
2026-03-13,00700,440.435,3800000,1673654779.88
2026-03-16,00700,441.666,3840000,1695999027.29
2026-03-17,00700,442.9,3880000,1718453407.34
2026-03-18,00700,444.137,3920000,1741018307.31
2026-03-19,00700,436.126,3960000,1727059519.77
2026-03-20,00700,437.352,4000000,1749409971.29
2026-03-23,00700,438.582,4040000,1771870658.27
2026-03-24,00700,439.814,4080000,1794441968.8
2026-03-25,00700,441.05,4120000,1817124292.14
2026-03-26,00700,442.288,4160000,1839918018.7
2026-03-27,00700,443.529,4200000,1862823540.03
2026-03-30,00700,444.774,4240000,1885841248.89
2026-03-31,00700,446.021,3760000,1677040417.59
2026-04-01,00700,447.272,3800000,1699633394.12
2026-04-02,00700,448.526,3840000,1722338153.79
2026-04-03,00700,449.782,3880000,1745155090.42
2026-04-06,00700,451.042,3920000,1768084598.99
2026-04-07,00700,452.305,3960000,1791127075.64
2026-04-08,00700,453.571,4000000,1814282917.7
2026-04-09,00700,454.84,4040000,1837552523.69
2026-04-10,00700,456.112,4080000,1860936293.31
2026-04-13,00700,457.387,4120000,1884434627.43
2026-04-14,00700,458.665,4160000,1908047928.14
2026-04-15,00700,459.947,4200000,1931776598.7
2026-04-16,00700,461.231,4240000,1955621043.58
2026-04-17,00700,452.912,3760000,1702948594.11
2026-04-20,00700,454.185,3800000,1725904564.41
2026-04-21,00700,455.462,3840000,1748974389.46
2026-04-22,00700,456.742,3880000,1772158470.88
2026-04-23,00700,458.025,3920000,1795457211.49
2026-04-24,00700,459.311,3960000,1818871015.28
2026-04-27,00700,460.6,4000000,1842400287.47
2026-04-28,00700,461.892,4040000,1866045434.48
2026-04-29,00700,463.188,4080000,1889806863.94
2026-04-30,00700,464.487,4120000,1913684984.69
2026-05-01,00700,465.789,4160000,1937680206.78
2026-05-04,00700,467.094,4200000,1961792941.48
2025-04-01,03690,89.1,2820000,251262000.0
2025-04-02,03690,89.333,2850000,254598206.4
2025-04-03,03690,89.566,2880000,257949862.72
2025-04-04,03690,89.8,2910000,261317018.54
2025-04-07,03690,90.034,2940000,264699723.54
2025-04-08,03690,90.269,2970000,268098027.57
2025-04-09,03690,90.504,3000000,271511980.58
2025-04-10,03690,90.74,3030000,274941632.69
2025-04-11,03690,90.976,3060000,278387034.12
2025-04-14,03690,91.213,3090000,281848235.24
2025-04-15,03690,91.45,3120000,285325286.57
2025-04-16,03690,91.688,3150000,288818238.72
2025-04-17,03690,91.927,3180000,292327142.49
2025-04-18,03690,92.166,2820000,259907407.34
2025-04-21,03690,92.405,2850000,263354961.31
2025-04-22,03690,92.645,2880000,266818413.14
2025-04-23,03690,92.886,2910000,270297813.75
2025-04-24,03690,93.127,2940000,273793214.16
2025-04-25,03690,93.369,2970000,277304665.53
2025-04-28,03690,93.611,3000000,280832219.19
2025-04-29,03690,93.853,3030000,284375926.57
2025-04-30,03690,92.142,3060000,281954976.13
2025-05-01,03690,92.383,3090000,285462846.73
2025-05-02,03690,92.624,3120000,288986822.97
2025-05-05,03690,92.866,3150000,292526956.37
2025-05-06,03690,93.108,3180000,296083298.59
2025-05-07,03690,93.351,2820000,263249109.66
2025-05-08,03690,93.594,2850000,266743125.9
2025-05-09,03690,93.838,2880000,270253296.29
2025-05-12,03690,94.082,2910000,273779672.62
2025-05-13,03690,94.327,2940000,277322306.81
2025-05-14,03690,94.573,2970000,280881250.92
2025-05-15,03690,94.819,3000000,284456557.15
2025-05-16,03690,95.065,3030000,288048277.85
2025-05-19,03690,95.313,3060000,291656465.5
2025-05-20,03690,95.56,3090000,295281172.71
2025-05-21,03690,95.808,3120000,298922452.26
2025-05-22,03690,96.057,3150000,302580357.04
2025-05-23,03690,96.307,3180000,306254940.1
2025-05-26,03690,96.556,2820000,272289233.04
2025-05-27,03690,96.807,2850000,275899663.21
2025-05-28,03690,97.058,2880000,279526715.51
2025-05-29,03690,95.288,2910000,277288564.47
2025-05-30,03690,95.537,2940000,280878874.74
2025-06-02,03690,95.786,2970000,284485757.68
2025-06-03,03690,96.036,3000000,288109266.41
2025-06-04,03690,96.287,3030000,291749454.16
2025-06-05,03690,96.538,3060000,295406374.35
2025-06-06,03690,96.79,3090000,299080080.5
2025-06-09,03690,97.042,3120000,302770626.31
2025-06-10,03690,97.295,3150000,306478065.59
2025-06-11,03690,97.548,3180000,310202452.33
2025-06-12,03690,97.802,2820000,275801131.01
2025-06-13,03690,98.056,2850000,279460343.06
2025-06-16,03690,98.311,2880000,283136445.43
2025-06-17,03690,98.567,2910000,286829492.23
2025-06-18,03690,98.823,2940000,290539537.71
2025-06-19,03690,99.08,2970000,294266636.26
2025-06-20,03690,99.337,3000000,298010842.41
2025-06-23,03690,99.595,3030000,301772210.85
2025-06-24,03690,99.853,3060000,305550796.39
2025-06-25,03690,100.112,3090000,309346654.03
2025-06-26,03690,100.372,3120000,313159838.88
2025-06-27,03690,98.542,3150000,310406035.76
2025-06-30,03690,98.799,3180000,314180697.38
2025-07-01,03690,99.057,2820000,279340445.36
2025-07-02,03690,99.315,2850000,283048895.88
2025-07-03,03690,99.574,2880000,286774508.86
2025-07-04,03690,99.834,2910000,290517339.34
2025-07-07,03690,100.094,2940000,294277442.52
2025-07-08,03690,100.355,2970000,298054873.73
2025-07-09,03690,100.617,3000000,301849688.46
2025-07-10,03690,100.879,3030000,305661942.35
2025-07-11,03690,101.141,3060000,309491691.19
2025-07-14,03690,101.404,3090000,313338990.9
2025-07-15,03690,101.668,3120000,317203897.57
2025-07-16,03690,101.932,3150000,321086467.43
2025-07-17,03690,102.197,3180000,324986756.87
2025-07-18,03690,102.463,2820000,288944423.43
2025-07-21,03690,102.729,2850000,292776559.94
2025-07-22,03690,102.995,2880000,296626356.34
2025-07-23,03690,103.262,2910000,300493869.16
2025-07-24,03690,103.53,2940000,304379155.06
2025-07-25,03690,103.799,2970000,308282270.88
2025-07-28,03690,101.906,3000000,305718339.13
2025-07-29,03690,102.172,3030000,309581956.85
2025-07-30,03690,102.439,3060000,313463351.42
2025-07-31,03690,102.706,3090000,317362579.75
2025-08-01,03690,102.974,3120000,321279698.89
2025-08-04,03690,103.243,3150000,325214766.05
2025-08-05,03690,103.512,3180000,329167838.62
2025-08-06,03690,103.782,2820000,292664145.47
2025-08-07,03690,104.052,2850000,296547980.24
2025-08-08,03690,104.323,2880000,300449759.7
2025-08-11,03690,104.594,2910000,304369541.35
2025-08-12,03690,104.866,2940000,308307382.85
2025-08-13,03690,105.139,2970000,312263342.01
2025-08-14,03690,105.412,3000000,316237476.82
2025-08-15,03690,105.686,3030000,320229845.38
2025-08-18,03690,105.961,3060000,324240505.97
2025-08-19,03690,106.236,3090000,328269517.05
2025-08-20,03690,106.512,3120000,332316937.18
2025-08-21,03690,106.788,3150000,336382825.14
2025-08-22,03690,107.065,3180000,340467239.81
2025-08-25,03690,107.343,2820000,302706566.22
2025-08-26,03690,105.386,2850000,300348681.66
2025-08-27,03690,105.661,2880000,304302929.65
2025-08-28,03690,105.937,2910000,308275469.8
2025-08-29,03690,106.213,2940000,312266360.77
2025-09-01,03690,106.49,2970000,316275661.38
2025-09-02,03690,106.768,3000000,320303430.61
2025-09-03,03690,107.046,3030000,324349727.6
2025-09-04,03690,107.325,3060000,328414611.64
2025-09-05,03690,107.605,3090000,332498142.19
2025-09-08,03690,107.885,3120000,336600378.85
2025-09-09,03690,108.166,3150000,340721381.41
2025-09-10,03690,108.447,3180000,344861209.8
2025-09-11,03690,108.729,2820000,306615634.26
2025-09-12,03690,109.012,2850000,310683060.51
2025-09-15,03690,109.295,2880000,314769249.16
2025-09-16,03690,109.579,2910000,318874260.28
2025-09-17,03690,109.863,2940000,322998154.11
2025-09-18,03690,110.148,2970000,327140991.05
2025-09-19,03690,110.434,3000000,331302831.66
2025-09-22,03690,110.721,3030000,335483736.67
2025-09-23,03690,111.008,3060000,339683766.95
2025-09-24,03690,108.984,3090000,336759598.16
2025-09-25,03690,109.268,3120000,340917168.68
2025-09-26,03690,109.554,3150000,345093807.55
2025-09-29,03690,109.839,3180000,349289575.75
2025-09-30,03690,110.126,2820000,310555385.37
2025-10-01,03690,110.413,2850000,314677599.62
2025-10-02,03690,110.701,2880000,318818878.67
2025-10-03,03690,110.989,2910000,322979283.65
2025-10-06,03690,111.279,2940000,327158875.84
2025-10-07,03690,111.568,2970000,331357716.69
2025-10-08,03690,111.859,3000000,335575867.83
2025-10-09,03690,112.15,3030000,339813391.03
2025-10-10,03690,112.441,3060000,344070348.23
2025-10-13,03690,112.734,3090000,348346801.57
2025-10-14,03690,113.027,3120000,352642813.31
2025-10-15,03690,113.32,3150000,356958445.9
2025-10-16,03690,113.614,3180000,361293761.95
2025-10-17,03690,113.909,2820000,321224200.75
2025-10-20,03690,114.205,2850000,325483806.45
2025-10-21,03690,114.501,2880000,329763029.34
2025-10-22,03690,114.798,2910000,334061932.18
2025-10-23,03690,112.705,2940000,331351901.21
2025-10-24,03690,112.999,2970000,335607271.1
2025-10-27,03690,113.294,3000000,339882262.37
2025-10-28,03690,113.59,3030000,344176937.89
2025-10-29,03690,113.886,3060000,348491360.68
2025-10-30,03690,114.183,3090000,352825593.95
2025-10-31,03690,114.481,3120000,357179701.04
2025-11-03,03690,114.779,3150000,361553745.51
2025-11-04,03690,115.078,3180000,365947791.05
2025-11-05,03690,115.378,2820000,325364661.17
2025-11-06,03690,115.678,2850000,329681790.72
2025-11-07,03690,115.979,2880000,334018853.93
2025-11-10,03690,116.28,2910000,338375914.65
2025-11-11,03690,116.583,2940000,342753036.92
2025-11-12,03690,116.886,2970000,347150284.93
2025-11-13,03690,117.189,3000000,351567723.06
2025-11-14,03690,117.494,3030000,356005415.85
2025-11-17,03690,117.799,3060000,360463428.03
2025-11-18,03690,118.104,3090000,364941824.48
2025-11-19,03690,118.41,3120000,369440670.27
2025-11-20,03690,118.717,3150000,373960030.64
2025-11-21,03690,116.553,3180000,370637953.8
2025-11-24,03690,116.857,2820000,329537356.59
2025-11-25,03690,117.162,2850000,333912547.46
2025-11-26,03690,117.468,2880000,338307993.09
2025-11-27,03690,117.774,2910000,342723758.45
2025-11-28,03690,118.082,2940000,347159908.7
2025-12-01,03690,118.389,2970000,351616509.14
2025-12-02,03690,118.698,3000000,356093625.28
2025-12-03,03690,119.007,3030000,360591322.78
2025-12-04,03690,119.317,3060000,365109667.49
2025-12-05,03690,119.627,3090000,369648725.44
2025-12-08,03690,119.939,3120000,374208562.82
2025-12-09,03690,120.251,3150000,378789246.01
2025-12-10,03690,120.563,3180000,383390841.57
2025-12-11,03690,120.876,2820000,340871599.3
2025-12-12,03690,121.19,2850000,345392763.93
2025-12-15,03690,121.505,2880000,349934770.49
2025-12-16,03690,121.821,2910000,354497685.68
2025-12-17,03690,122.137,2940000,359081576.4
2025-12-18,03690,122.453,2970000,363686509.72
2025-12-19,03690,122.771,3000000,368312552.9
2025-12-22,03690,120.532,3030000,365212834.45
2025-12-23,03690,120.847,3060000,369792079.63
2025-12-24,03690,121.163,3090000,374392371.83
2025-12-25,03690,121.479,3120000,379013778.4
2025-12-26,03690,121.796,3150000,383656366.88
2025-12-29,03690,122.113,3180000,388320204.99
2025-12-30,03690,122.432,2820000,345257045.77
2025-12-31,03690,122.751,2850000,349839172.9
2026-01-01,03690,123.07,2880000,354442478.0
2026-01-02,03690,123.391,2910000,359067028.94
2026-01-05,03690,123.712,2940000,363712893.78
2026-01-06,03690,124.034,2970000,368380140.77
2026-01-07,03690,124.356,3000000,373068838.32
2026-01-08,03690,124.68,3030000,377779055.06
2026-01-09,03690,125.004,3060000,382510859.76
2026-01-12,03690,125.328,3090000,387264321.41
2026-01-13,03690,125.654,3120000,392039509.16
2026-01-14,03690,125.98,3150000,396836492.36
2026-01-15,03690,126.307,3180000,401655340.55
2026-01-16,03690,126.634,2820000,357108743.95
2026-01-19,03690,126.963,2850000,361843486.46
2026-01-20,03690,124.648,2880000,358985183.12
2026-01-21,03690,124.973,2910000,363671946.21
2026-01-22,03690,125.299,2940000,368380366.54
2026-01-23,03690,125.626,2970000,373110513.53
2026-01-26,03690,125.954,3000000,377862456.8
2026-01-27,03690,126.283,3030000,382636266.16
2026-01-28,03690,126.612,3060000,387432011.6
2026-01-29,03690,126.942,3090000,392249763.29
2026-01-30,03690,127.272,3120000,397089591.6
2026-02-02,03690,127.604,3150000,401951567.09
2026-02-03,03690,127.936,3180000,406835760.5
2026-02-04,03690,128.269,2820000,361717484.29
2026-02-05,03690,128.602,2850000,366516232.16
2026-02-06,03690,128.937,2880000,371337123.09
2026-02-09,03690,129.272,2910000,376180227.97
2026-02-10,03690,129.607,2940000,381045617.92
2026-02-11,03690,129.944,2970000,385933364.22
2026-02-12,03690,130.281,3000000,390843538.38
2026-02-13,03690,130.619,3030000,395776212.05
2026-02-16,03690,130.958,3060000,400731457.11
2026-02-17,03690,131.298,3090000,405709345.62
2026-02-18,03690,128.903,3120000,402178882.63
2026-02-19,03690,129.24,3150000,407106464.55
2026-02-20,03690,129.578,3180000,412056622.5
2026-02-23,03690,129.916,2820000,366362301.82
2026-02-24,03690,130.255,2850000,371225655.2
2026-02-25,03690,130.594,2880000,376111508.46
2026-02-26,03690,130.935,2910000,381019933.75
2026-02-27,03690,131.276,2940000,385951003.4
2026-03-02,03690,131.618,2970000,390904789.96
2026-03-03,03690,131.96,3000000,395881366.15
2026-03-04,03690,132.304,3030000,400880804.91
2026-03-05,03690,132.648,3060000,405903179.34
2026-03-06,03690,132.993,3090000,410948562.78
2026-03-09,03690,133.339,3120000,416017028.73
2026-03-10,03690,133.685,3150000,421108650.9
2026-03-11,03690,134.033,3180000,426223503.21
2026-03-12,03690,134.381,2820000,378953233.8
2026-03-13,03690,134.729,2850000,383978736.19
2026-03-16,03690,135.079,2880000,389027390.48
2026-03-17,03690,135.429,2910000,394099270.76
2026-03-18,03690,135.78,2940000,399194451.31
2026-03-19,03690,133.305,2970000,395914813.6
2026-03-20,03690,133.653,3000000,400958415.27
2026-03-23,03690,134.002,3030000,406025247.87
2026-03-24,03690,134.351,3060000,411115385.79
2026-03-25,03690,134.702,3090000,416228903.62
2026-03-26,03690,135.053,3120000,421365876.17
2026-03-27,03690,135.405,3150000,426526378.42
2026-03-30,03690,135.758,3180000,431710485.58
2026-03-31,03690,136.112,2820000,383834744.53
2026-04-01,03690,136.466,2850000,388928079.22
2026-04-02,03690,136.821,2880000,394044939.24
2026-04-03,03690,137.177,2910000,399185399.95
2026-04-06,03690,137.534,2940000,404349536.95
2026-04-07,03690,137.891,2970000,409537426.0
2026-04-08,03690,138.25,3000000,414749143.1
2026-04-09,03690,138.609,3030000,419984764.44
2026-04-10,03690,138.969,3060000,425244366.4
2026-04-13,03690,139.329,3090000,430528025.58
2026-04-14,03690,139.691,3120000,435835818.78
2026-04-15,03690,140.053,3150000,441167823.01
2026-04-16,03690,140.416,3180000,446524115.48
2026-04-17,03690,137.856,2820000,388754155.07
2026-04-20,03690,138.216,2850000,393915954.7
2026-04-21,03690,138.577,2880000,399101658.56
2026-04-22,03690,138.939,2910000,404311343.33
2026-04-23,03690,139.301,2940000,409545085.9
2026-04-24,03690,139.664,2970000,414802963.37
2026-04-27,03690,140.028,3000000,420085053.06
2026-04-28,03690,140.393,3030000,425391432.49
2026-04-29,03690,140.759,3060000,430722179.37
2026-04-30,03690,141.125,3090000,436077371.63
2026-05-01,03690,141.493,3120000,441457087.42
2026-05-04,03690,141.861,3150000,446861405.08
2025-04-01,00941,59.4,4700000,279180000.0
2025-04-02,00941,59.514,4750000,282689191.5
2025-04-03,00941,59.627,4800000,286210484.21
2025-04-04,00941,59.741,4850000,289743902.49
2025-04-07,00941,59.855,4900000,293289470.72
2025-04-08,00941,59.969,4950000,296847213.33
2025-04-09,00941,60.083,5000000,300417154.78
2025-04-10,00941,60.198,5050000,303999319.58
2025-04-11,00941,60.312,5100000,307593732.28
2025-04-14,00941,60.427,5150000,311200417.46
2025-04-15,00941,60.542,5200000,314819399.74
2025-04-16,00941,60.657,5250000,318450703.78
2025-04-17,00941,60.773,5300000,322094354.29
2025-04-18,00941,60.888,4700000,286173227.51
2025-04-21,00941,61.003,4750000,289766531.5
2025-04-22,00941,61.119,4800000,293372153.14
2025-04-23,00941,61.235,4850000,296990117.17
2025-04-24,00941,61.351,4900000,300620448.37
2025-04-25,00941,61.467,4950000,304263171.56
2025-04-28,00941,61.584,5000000,307918311.58
2025-04-29,00941,61.7,5050000,311585893.32
2025-04-30,00941,60.533,5100000,308717391.01
2025-05-01,00941,60.649,5150000,312339778.09
2025-05-02,00941,60.764,5200000,315974560.85
2025-05-05,00941,60.88,5250000,319621764.17
2025-05-06,00941,60.996,5300000,323281412.98
2025-05-07,00941,61.113,4700000,287230205.91
2025-05-08,00941,61.229,4750000,290839110.8
2025-05-09,00941,61.346,4800000,294460432.11
2025-05-12,00941,61.463,4850000,298094194.82
2025-05-13,00941,61.58,4900000,301740423.91
2025-05-14,00941,61.697,4950000,305399144.44
2025-05-15,00941,61.814,5000000,309070381.49
2025-05-16,00941,61.932,5050000,312754160.18
2025-05-19,00941,62.049,5100000,316450505.68
2025-05-20,00941,62.167,5150000,320159443.19
2025-05-21,00941,62.285,5200000,323880997.96
2025-05-22,00941,62.403,5250000,327615195.26
2025-05-23,00941,62.521,5300000,331362060.44
2025-05-26,00941,62.64,4700000,294405908.14
2025-05-27,00941,62.758,4750000,298101112.11
2025-05-28,00941,62.877,4800000,301808954.42
2025-05-29,00941,61.687,4850000,299183151.15
2025-05-30,00941,61.805,4900000,302845149.81
2025-06-02,00941,61.923,4950000,306519739.98
2025-06-03,00941,62.041,5000000,310206946.98
2025-06-04,00941,62.16,5050000,313906796.17
2025-06-05,00941,62.278,5100000,317619312.94
2025-06-06,00941,62.397,5150000,321344522.74
2025-06-09,00941,62.516,5200000,325082451.05
2025-06-10,00941,62.635,5250000,328833123.37
2025-06-11,00941,62.754,5300000,332596565.28
2025-06-12,00941,62.873,4700000,295505078.72
2025-06-13,00941,62.993,4750000,299216451.18
2025-06-16,00941,63.113,4800000,302940563.41
2025-06-17,00941,63.232,4850000,306677441.02
2025-06-18,00941,63.352,4900000,310427109.63
2025-06-19,00941,63.473,4950000,314189594.92
2025-06-20,00941,63.593,5000000,317964922.6
2025-06-23,00941,63.713,5050000,321753118.45
2025-06-24,00941,63.834,5100000,325554208.25
2025-06-25,00941,63.955,5150000,329368217.84
2025-06-26,00941,64.076,5200000,333195173.11
2025-06-27,00941,62.864,5250000,330034370.9
2025-06-30,00941,62.984,5300000,333814261.06
2025-07-01,00941,63.104,4700000,296589370.14
2025-07-02,00941,63.225,4750000,300316780.14
2025-07-03,00941,63.345,4800000,304057032.0
2025-07-04,00941,63.466,4850000,307810151.55
2025-07-07,00941,63.587,4900000,311576164.66
2025-07-08,00941,63.708,4950000,315355097.25
2025-07-09,00941,63.829,5000000,319146975.28
2025-07-10,00941,63.951,5050000,322951824.73
2025-07-11,00941,64.072,5100000,326769671.65
2025-07-14,00941,64.194,5150000,330600542.12
2025-07-15,00941,64.316,5200000,334444462.26
2025-07-16,00941,64.438,5250000,338301458.24
2025-07-17,00941,64.561,5300000,342171556.25
2025-07-18,00941,64.683,4700000,304010743.55
2025-07-21,00941,64.806,4750000,307827412.27
2025-07-22,00941,64.929,4800000,311657152.46
2025-07-23,00941,65.052,4850000,315499990.38
2025-07-24,00941,65.175,4900000,319355952.3
2025-07-25,00941,65.298,4950000,323225064.54
2025-07-28,00941,64.063,5000000,320312838.71
2025-07-29,00941,64.185,5050000,324134209.38
2025-07-30,00941,64.308,5100000,327968681.68
2025-07-31,00941,64.43,5150000,331816281.94
2025-08-01,00941,64.553,5200000,335677036.51
2025-08-04,00941,64.676,5250000,339550971.81
2025-08-05,00941,64.8,5300000,343438114.29
2025-08-06,00941,64.923,4700000,305138486.92
2025-08-07,00941,65.047,4750000,308971778.17
2025-08-08,00941,65.17,4800000,312818245.75
2025-08-11,00941,65.294,4850000,316677916.16
2025-08-12,00941,65.419,4900000,320550815.9
2025-08-13,00941,65.543,4950000,324436971.55
2025-08-14,00941,65.667,5000000,328336409.73
2025-08-15,00941,65.792,5050000,332249157.08
2025-08-18,00941,65.917,5100000,336175240.3
2025-08-19,00941,66.042,5150000,340114686.12
2025-08-20,00941,66.167,5200000,344067521.34
2025-08-21,00941,66.292,5250000,348033772.77
2025-08-22,00941,66.418,5300000,352013467.27
2025-08-25,00941,66.543,4700000,312753489.59
2025-08-26,00941,65.284,4750000,310100470.98
2025-08-27,00941,65.409,4800000,313963529.55
2025-08-28,00941,65.534,4850000,317839896.69
2025-08-29,00941,65.659,4900000,321729599.17
2025-09-01,00941,65.784,4950000,325632663.82
2025-09-02,00941,65.91,5000000,329549117.48
2025-09-03,00941,66.035,5050000,333478987.06
2025-09-04,00941,66.161,5100000,337422299.51
2025-09-05,00941,66.287,5150000,341379081.8
2025-09-08,00941,66.413,5200000,345349360.97
2025-09-09,00941,66.54,5250000,349333164.09
2025-09-10,00941,66.666,5300000,353330518.28
2025-09-11,00941,66.793,4700000,313926134.26
2025-09-12,00941,66.92,4750000,317868230.66
2025-09-15,00941,67.047,4800000,321823846.5
2025-09-16,00941,67.174,4850000,325793008.95
2025-09-17,00941,67.301,4900000,329775745.18
2025-09-18,00941,67.429,4950000,333772082.45
2025-09-19,00941,67.556,5000000,337782048.03
2025-09-22,00941,67.684,5050000,341805669.25
2025-09-23,00941,67.812,5100000,345842973.48
2025-09-24,00941,66.529,5150000,342626160.48
2025-09-25,00941,66.656,5200000,346613747.02
2025-09-26,00941,66.784,5250000,350614965.93
2025-09-29,00941,66.911,5300000,354629844.58
2025-09-30,00941,67.039,4700000,315083089.48
2025-10-01,00941,67.167,4750000,319042274.28
2025-10-02,00941,67.295,4800000,323015086.9
2025-10-03,00941,67.423,4850000,327001554.74
2025-10-06,00941,67.551,4900000,331001705.26
2025-10-07,00941,67.68,4950000,335015565.94
2025-10-08,00941,67.809,5000000,339043164.33
2025-10-09,00941,67.938,5050000,343084528.0
2025-10-10,00941,68.067,5100000,347139684.57
2025-10-13,00941,68.196,5150000,351208661.71
2025-10-14,00941,68.325,5200000,355291487.13
2025-10-15,00941,68.455,5250000,359388188.59
2025-10-16,00941,68.585,5300000,363498793.9
2025-10-17,00941,68.715,4700000,322958814.05
2025-10-20,00941,68.845,4750000,327012718.58
2025-10-21,00941,68.975,4800000,331080494.54
2025-10-22,00941,69.106,4850000,335162169.74
2025-10-23,00941,67.798,4900000,332210874.75
2025-10-24,00941,67.928,4950000,336242118.11
2025-10-27,00941,68.057,5000000,340287209.26
2025-10-28,00941,68.187,5050000,344346176.02
2025-10-29,00941,68.317,5100000,348419046.27
2025-10-30,00941,68.448,5150000,352505847.93
2025-10-31,00941,68.578,5200000,356606608.98
2025-11-03,00941,68.709,5250000,360721357.42
2025-11-04,00941,68.84,5300000,364850121.33
2025-11-05,00941,68.971,4700000,324162012.21
2025-11-06,00941,69.102,4750000,328233627.37
2025-11-07,00941,69.233,4800000,332319225.27
2025-11-10,00941,69.365,4850000,336418834.0
2025-11-11,00941,69.496,4900000,340532481.7
2025-11-12,00941,69.628,4950000,344660196.56
2025-11-13,00941,69.76,5000000,348802006.82
2025-11-14,00941,69.893,5050000,352957940.73
2025-11-17,00941,70.025,5100000,357128026.63
2025-11-18,00941,70.158,5150000,361312292.89
2025-11-19,00941,70.291,5200000,365510767.9
2025-11-20,00941,70.424,5250000,369723480.13
2025-11-21,00941,69.091,5300000,366182941.15
2025-11-24,00941,69.223,4700000,325348827.57
2025-11-25,00941,69.355,4750000,329438009.06
2025-11-26,00941,69.488,4800000,333541285.31
2025-11-27,00941,69.62,4850000,337658684.67
2025-11-28,00941,69.753,4900000,341790235.54
2025-12-01,00941,69.886,4950000,345935966.38
2025-12-02,00941,70.019,5000000,350095905.66
2025-12-03,00941,70.152,5050000,354270081.94
2025-12-04,00941,70.286,5100000,358458523.79
2025-12-05,00941,70.42,5150000,362661259.85
2025-12-08,00941,70.554,5200000,366878318.78
2025-12-09,00941,70.688,5250000,371109729.31
2025-12-10,00941,70.822,5300000,375355520.2
2025-12-11,00941,70.956,4700000,333494184.16
2025-12-12,00941,71.091,4750000,337681333.75
2025-12-15,00941,71.226,4800000,341882830.16
2025-12-16,00941,71.361,4850000,346098702.19
2025-12-17,00941,71.496,4900000,350328978.7
2025-12-18,00941,71.631,4950000,354573688.57
2025-12-19,00941,71.767,5000000,358832860.76
2025-12-22,00941,70.409,5050000,355564252.23
2025-12-23,00941,70.543,5100000,359770904.84
2025-12-24,00941,70.678,5150000,363991966.22
2025-12-25,00941,70.813,5200000,368227465.32
2025-12-26,00941,70.948,5250000,372477431.11
2025-12-29,00941,71.083,5300000,376741892.64
2025-12-30,00941,71.219,4700000,334728622.65
2025-12-31,00941,71.355,4750000,338933979.9
2026-01-01,00941,71.49,4800000,343153799.02
2026-01-02,00941,71.626,4850000,347388109.09
2026-01-05,00941,71.763,4900000,351636939.23
2026-01-06,00941,71.899,4950000,355900318.6
2026-01-07,00941,72.036,5000000,360178276.41
2026-01-08,00941,72.172,5050000,364470841.93
2026-01-09,00941,72.309,5100000,368778044.45
2026-01-12,00941,72.447,5150000,373099913.34
2026-01-13,00941,72.584,5200000,377436477.98
2026-01-14,00941,72.721,5250000,381787767.82
2026-01-15,00941,72.859,5300000,386153812.35
2026-01-16,00941,72.997,4700000,343086507.16
2026-01-19,00941,73.135,4750000,347392379.19
2026-01-20,00941,71.752,4800000,344407360.84
2026-01-21,00941,71.889,4850000,348659959.36
2026-01-22,00941,72.026,4900000,352927194.27
2026-01-23,00941,72.163,4950000,357209094.99
2026-01-26,00941,72.301,5000000,361505691.03
2026-01-27,00941,72.439,5050000,365817011.9
2026-01-28,00941,72.577,5100000,370143087.19
2026-01-29,00941,72.715,5150000,374483946.51
2026-01-30,00941,72.854,5200000,378839619.54
2026-02-02,00941,72.992,5250000,383210135.99
2026-02-03,00941,73.131,5300000,387595525.64
2026-02-04,00941,73.27,4700000,344370158.13
2026-02-05,00941,73.409,4750000,348694899.66
2026-02-06,00941,73.549,4800000,353034479.67
2026-02-09,00941,73.688,4850000,357388927.96
2026-02-10,00941,73.828,4900000,361758274.39
2026-02-11,00941,73.968,4950000,366142548.87
2026-02-12,00941,74.108,5000000,370541781.34
2026-02-13,00941,74.249,5050000,374956001.79
2026-02-16,00941,74.389,5100000,379385240.27
2026-02-17,00941,74.53,5150000,383829526.88
2026-02-18,00941,73.12,5200000,380223543.85
2026-02-19,00941,73.26,5250000,384613137.14
2026-02-20,00941,73.4,5300000,389017722.87
2026-02-23,00941,73.54,4700000,345636533.89
2026-02-24,00941,73.68,4750000,349979993.01
2026-02-25,00941,73.821,4800000,354338409.53
2026-02-26,00941,73.961,4850000,358711813.54
2026-02-27,00941,74.102,4900000,363100235.18
2026-03-02,00941,74.243,4950000,367503704.61
2026-03-03,00941,74.384,5000000,371922252.06
2026-03-04,00941,74.526,5050000,376355907.82
2026-03-05,00941,74.668,5100000,380804702.2
2026-03-06,00941,74.809,5150000,385268665.57
2026-03-09,00941,74.952,5200000,389747828.36
2026-03-10,00941,75.094,5250000,394242221.03
2026-03-11,00941,75.236,5300000,398751874.1
2026-03-12,00941,75.379,4700000,354280569.21
2026-03-13,00941,75.522,4750000,358727990.34
2026-03-16,00941,75.665,4800000,363190636.29
2026-03-17,00941,75.808,4850000,367668537.6
2026-03-18,00941,75.951,4900000,372161724.9
2026-03-19,00941,74.514,4950000,368846218.13
2026-03-20,00941,74.657,5000000,373283926.24
2026-03-23,00941,74.799,5050000,377736863.72
2026-03-24,00941,74.942,5100000,382205061.18
2026-03-25,00941,75.085,5150000,386688549.26
2026-03-26,00941,75.228,5200000,391187358.67
2026-03-27,00941,75.372,5250000,395701520.16
2026-03-30,00941,75.515,5300000,400231064.53
2026-03-31,00941,75.659,4700000,355597627.36
2026-04-01,00941,75.803,4750000,360064448.24
2026-04-02,00941,75.947,4800000,364546616.08
2026-04-03,00941,76.092,4850000,369044161.73
2026-04-06,00941,76.236,4900000,373557116.08
2026-04-07,00941,76.381,4950000,378085510.06
2026-04-08,00941,76.526,5000000,382629374.67
2026-04-09,00941,76.671,5050000,387188740.95
2026-04-10,00941,76.816,5100000,391763639.98
2026-04-13,00941,76.962,5150000,396354102.91
2026-04-14,00941,77.108,5200000,400960160.91
2026-04-15,00941,77.254,5250000,405581845.23
2026-04-16,00941,77.4,5300000,410219187.16
2026-04-17,00941,75.935,4700000,356896647.26
2026-04-20,00941,76.081,4750000,361382708.87
2026-04-21,00941,76.226,4800000,365884240.37
2026-04-22,00941,76.371,4850000,370401272.88
2026-04-23,00941,76.517,4900000,374933837.58
2026-04-24,00941,76.663,4950000,379481965.7
2026-04-27,00941,76.809,5000000,384045688.51
2026-04-28,00941,76.955,5050000,388625037.35
2026-04-29,00941,77.102,5100000,393220043.58
2026-04-30,00941,77.249,5150000,397830738.65
2026-05-01,00941,77.396,5200000,402457154.01
2026-05-04,00941,77.543,5250000,407099321.21
2025-04-01,02318,41.58,4230000,175883400.0
2025-04-02,02318,41.651,4275000,178058603.83
2025-04-03,02318,41.722,4320000,180240552.07
2025-04-04,02318,41.794,4365000,182429255.72
2025-04-07,02318,41.865,4410000,184624725.84
2025-04-08,02318,41.936,4455000,186826973.47
2025-04-09,02318,42.008,4500000,189036009.69
2025-04-10,02318,42.08,4545000,191251845.57
2025-04-11,02318,42.151,4590000,193474492.21
2025-04-14,02318,42.223,4635000,195703960.73
2025-04-15,02318,42.295,4680000,197940262.25
2025-04-16,02318,42.367,4725000,200183407.9
2025-04-17,02318,42.439,4770000,202433408.84
2025-04-18,02318,42.511,4230000,179821364.16
2025-04-21,02318,42.583,4275000,182042889.07
2025-04-22,02318,42.655,4320000,184271255.88
2025-04-23,02318,42.728,4365000,186506475.76
2025-04-24,02318,42.8,4410000,188748559.9
2025-04-25,02318,42.873,4455000,190997519.47
2025-04-28,02318,42.945,4500000,193253365.7
2025-04-29,02318,43.018,4545000,195516109.79
2025-04-30,02318,42.196,4590000,193677453.37
2025-05-01,02318,42.268,4635000,195910845.37
2025-05-02,02318,42.34,4680000,198151110.54
2025-05-05,02318,42.412,4725000,200398260.1
2025-05-06,02318,42.485,4770000,202652305.29
2025-05-07,02318,42.557,4230000,180017254.11
2025-05-08,02318,42.63,4275000,182242658.47
2025-05-09,02318,42.703,4320000,184474944.98
2025-05-12,02318,42.775,4365000,186714124.89
2025-05-13,02318,42.848,4410000,188960209.44
2025-05-14,02318,42.921,4455000,191213209.92
2025-05-15,02318,42.994,4500000,193473137.6
2025-05-16,02318,43.067,4545000,195740003.79
2025-05-19,02318,43.14,4590000,198013819.8
2025-05-20,02318,43.214,4635000,200294596.96
2025-05-21,02318,43.287,4680000,202582346.62
2025-05-22,02318,43.36,4725000,204877080.12
2025-05-23,02318,43.434,4770000,207178808.85
2025-05-26,02318,43.507,4230000,184035786.48
2025-05-27,02318,43.581,4275000,186308456.16
2025-05-28,02318,43.655,4320000,188588107.42
2025-05-29,02318,42.82,4365000,186909994.2
2025-05-30,02318,42.893,4410000,189159965.05
2025-06-02,02318,42.967,4455000,191416892.47
2025-06-03,02318,43.04,4500000,193680787.82
2025-06-04,02318,43.114,4545000,195951662.49
2025-06-05,02318,43.187,4590000,198229527.86
2025-06-06,02318,43.261,4635000,200514395.34
2025-06-09,02318,43.335,4680000,202806276.37
2025-06-10,02318,43.409,4725000,205105182.37
2025-06-11,02318,43.482,4770000,207411124.8
2025-06-12,02318,43.556,4230000,184243615.15
2025-06-13,02318,43.63,4275000,186520330.16
2025-06-16,02318,43.705,4320000,188804067.86
2025-06-17,02318,43.779,4365000,191094839.72
2025-06-18,02318,43.853,4410000,193392657.2
2025-06-19,02318,43.928,4455000,195697531.81
2025-06-20,02318,44.002,4500000,198009475.06
2025-06-23,02318,44.077,4545000,200328498.45
2025-06-24,02318,44.151,4590000,202654613.54
2025-06-25,02318,44.226,4635000,204987831.87
2025-06-26,02318,44.301,4680000,207328165.01
2025-06-27,02318,43.454,4725000,205320344.5
2025-06-30,02318,43.528,4770000,207630385.43
2025-07-01,02318,43.603,4230000,184439873.61
2025-07-02,02318,43.677,4275000,186720518.1
2025-07-03,02318,43.752,4320000,189008226.56
2025-07-04,02318,43.827,4365000,191303010.53
2025-07-07,02318,43.901,4410000,193604881.57
2025-07-08,02318,43.976,4455000,195913851.25
2025-07-09,02318,44.051,4500000,198229931.17
2025-07-10,02318,44.126,4545000,200553132.93
2025-07-11,02318,44.201,4590000,202883468.15
2025-07-14,02318,44.276,4635000,205220948.46
2025-07-15,02318,44.352,4680000,207565585.5
2025-07-16,02318,44.427,4725000,209917390.95
2025-07-17,02318,44.502,4770000,212276376.47
2025-07-18,02318,44.578,4230000,188564486.49
2025-07-21,02318,44.653,4275000,190893646.12
2025-07-22,02318,44.729,4320000,193229971.83
2025-07-23,02318,44.805,4365000,195573475.29
2025-07-24,02318,44.881,4410000,197924168.21
2025-07-25,02318,44.957,4455000,200282062.31
2025-07-28,02318,44.097,4500000,198437880.94
2025-07-29,02318,44.173,4545000,200765143.78
2025-07-30,02318,44.248,4590000,203099582.0
2025-07-31,02318,44.324,4635000,205441207.33
2025-08-01,02318,44.4,4680000,207790031.51
2025-08-04,02318,44.475,4725000,210146066.27
2025-08-05,02318,44.551,4770000,212509323.37
2025-08-06,02318,44.627,4230000,188772921.23
2025-08-07,02318,44.703,4275000,191106179.75
2025-08-08,02318,44.779,4320000,193446646.51
2025-08-11,02318,44.856,4365000,195794333.28
2025-08-12,02318,44.932,4410000,198149251.85
2025-08-13,02318,45.008,4455000,200511414.01
2025-08-14,02318,45.085,4500000,202880831.58
2025-08-15,02318,45.161,4545000,205257516.4
2025-08-18,02318,45.238,4590000,207641480.32
2025-08-19,02318,45.315,4635000,210032735.19
2025-08-20,02318,45.391,4680000,212431292.89
2025-08-21,02318,45.468,4725000,214837165.31
2025-08-22,02318,45.545,4770000,217250364.37
2025-08-25,02318,45.622,4230000,192981913.89
2025-08-26,02318,44.75,4275000,191306656.47
2025-08-27,02318,44.827,4320000,193651144.87
2025-08-28,02318,44.903,4365000,196002895.7
2025-08-29,02318,44.98,4410000,198361920.83
2025-09-01,02318,45.057,4455000,200728232.15
2025-09-02,02318,45.134,4500000,203101841.56
2025-09-03,02318,45.211,4545000,205482760.97
2025-09-04,02318,45.288,4590000,207871002.32
2025-09-05,02318,45.365,4635000,210266577.54
2025-09-08,02318,45.442,4680000,212669498.6
2025-09-09,02318,45.52,4725000,215079777.48
2025-09-10,02318,45.597,4770000,217497426.17
2025-09-11,02318,45.674,4230000,193202905.86
2025-09-12,02318,45.752,4275000,195589941.63
2025-09-15,02318,45.83,4320000,197984332.82
2025-09-16,02318,45.907,4365000,200386091.44
2025-09-17,02318,45.985,4410000,202795229.5
2025-09-18,02318,46.063,4455000,205211759.03
2025-09-19,02318,46.141,4500000,207635692.1
2025-09-22,02318,46.219,4545000,210067040.75
2025-09-23,02318,46.298,4590000,212505817.08
2025-09-24,02318,45.413,4635000,210487154.15
2025-09-25,02318,45.49,4680000,212894318.02
2025-09-26,02318,45.568,4725000,215308882.99
2025-09-29,02318,45.646,4770000,217730861.11
2025-09-30,02318,45.724,4230000,193411821.13
2025-10-01,02318,45.802,4275000,195803009.22
2025-10-02,02318,45.88,4320000,198201595.98
2025-10-03,02318,45.958,4365000,200607593.5
2025-10-06,02318,46.037,4410000,203021013.89
2025-10-07,02318,46.115,4455000,205441869.27
2025-10-08,02318,46.193,4500000,207870171.76
2025-10-09,02318,46.272,4545000,210305933.53
2025-10-10,02318,46.351,4590000,212749166.73
2025-10-13,02318,46.429,4635000,215199883.55
2025-10-14,02318,46.508,4680000,217658096.18
2025-10-15,02318,46.587,4725000,220123816.84
2025-10-16,02318,46.666,4770000,222597057.75
2025-10-17,02318,46.745,4230000,197731926.43
2025-10-20,02318,46.824,4275000,200173927.63
2025-10-21,02318,46.904,4320000,202623434.41
2025-10-22,02318,46.983,4365000,205080459.01
2025-10-23,02318,46.085,4410000,203233989.66
2025-10-24,02318,46.164,4455000,205659048.14
2025-10-27,02318,46.243,4500000,208091597.51
2025-10-28,02318,46.322,4545000,210531650.0
2025-10-29,02318,46.401,4590000,212979217.87
2025-10-30,02318,46.48,4635000,215434313.39
2025-10-31,02318,46.559,4680000,217896948.84
2025-11-03,02318,46.639,4725000,220367136.52
2025-11-04,02318,46.718,4770000,222844888.73
2025-11-05,02318,46.798,4230000,197953649.3
2025-11-06,02318,46.877,4275000,200399980.84
2025-11-07,02318,46.957,4320000,202853862.15
2025-11-10,02318,47.037,4365000,205315305.56
2025-11-11,02318,47.117,4410000,207784323.4
2025-11-12,02318,47.197,4455000,210260928.03
2025-11-13,02318,47.277,4500000,212745131.83
2025-11-14,02318,47.357,4545000,215236947.19
2025-11-17,02318,47.437,4590000,217736386.5
2025-11-18,02318,47.517,4635000,220243462.19
2025-11-19,02318,47.598,4680000,222758186.7
2025-11-20,02318,47.678,4725000,225280572.48
2025-11-21,02318,46.767,4770000,223078660.41
2025-11-24,02318,46.847,4230000,198162912.15
2025-11-25,02318,46.927,4275000,200613449.25
2025-11-26,02318,47.007,4320000,203071580.49
2025-11-27,02318,47.088,4365000,205537318.28
2025-11-28,02318,47.168,4410000,208010675.04
2025-12-01,02318,47.248,4455000,210491663.22
2025-12-02,02318,47.329,4500000,212980295.29
2025-12-03,02318,47.41,4545000,215476583.71
2025-12-04,02318,47.49,4590000,217980540.98
2025-12-05,02318,47.571,4635000,220492179.61
2025-12-08,02318,47.652,4680000,223011512.12
2025-12-09,02318,47.733,4725000,225538551.06
2025-12-10,02318,47.814,4770000,228073308.97
2025-12-11,02318,47.895,4230000,202597056.57
2025-12-12,02318,47.977,4275000,205099750.4
2025-12-15,02318,48.058,4320000,207610148.14
2025-12-16,02318,48.139,4365000,210128262.37
2025-12-17,02318,48.221,4410000,212654105.66
2025-12-18,02318,48.303,4455000,215187690.62
2025-12-19,02318,48.384,4500000,217729029.87
2025-12-22,02318,47.459,4545000,215702625.79
2025-12-23,02318,47.541,4590000,218210974.87
2025-12-24,02318,47.622,4635000,220727050.47
2025-12-25,02318,47.703,4680000,223250865.2
2025-12-26,02318,47.785,4725000,225782431.69
2025-12-29,02318,47.866,4770000,228321762.59
2025-12-30,02318,47.948,4230000,202819381.61
2025-12-31,02318,48.03,4275000,205326462.83
2026-01-01,02318,48.111,4320000,207841293.28
2026-01-02,02318,48.193,4365000,210363885.63
2026-01-05,02318,48.275,4410000,212894252.54
2026-01-06,02318,48.357,4455000,215432406.71
2026-01-07,02318,48.44,4500000,217978360.85
2026-01-08,02318,48.522,4545000,220532127.67
2026-01-09,02318,48.604,4590000,223093719.91
2026-01-12,02318,48.687,4635000,225663150.33
2026-01-13,02318,48.769,4680000,228240431.7
2026-01-14,02318,48.852,4725000,230825576.8
2026-01-15,02318,48.935,4770000,233418598.43
2026-01-16,02318,49.018,4230000,207344241.93
2026-01-19,02318,49.1,4275000,209904543.04
2026-01-20,02318,48.162,4320000,208059325.69
2026-01-21,02318,48.244,4365000,210586267.71
2026-01-22,02318,48.327,4410000,213121029.99
2026-01-23,02318,48.409,4455000,215663625.31
2026-01-26,02318,48.492,4500000,218214066.45
2026-01-27,02318,48.575,4545000,220772366.24
2026-01-28,02318,48.658,4590000,223338537.49
2026-01-29,02318,48.741,4635000,225912593.06
2026-01-30,02318,48.824,4680000,228494545.8
2026-02-02,02318,48.907,4725000,231084408.59
2026-02-03,02318,48.99,4770000,233682194.32
2026-02-04,02318,49.073,4230000,207580038.28
2026-02-05,02318,49.157,4275000,210144913.85
2026-02-06,02318,49.24,4320000,212717696.91
2026-02-09,02318,49.324,4365000,215298400.34
2026-02-10,02318,49.407,4410000,217887037.08
2026-02-11,02318,49.491,4455000,220483620.07
2026-02-12,02318,49.575,4500000,223088162.25
2026-02-13,02318,49.659,4545000,225700676.6
2026-02-16,02318,49.743,4590000,228321176.12
2026-02-17,02318,49.827,4635000,230949673.8
2026-02-18,02318,48.875,4680000,228734244.15
2026-02-19,02318,48.958,4725000,231328694.97
2026-02-20,02318,49.042,4770000,233931115.34
2026-02-23,02318,49.126,4230000,207802829.11
2026-02-24,02318,49.21,4275000,210372148.95
2026-02-25,02318,49.294,4320000,212949422.76
2026-02-26,02318,49.378,4365000,215534663.53
2026-02-27,02318,49.462,4410000,218127884.28
2026-03-02,02318,49.546,4455000,220729098.03
2026-03-03,02318,49.631,4500000,223338317.84
2026-03-04,02318,49.715,4545000,225955556.77
2026-03-05,02318,49.8,4590000,228580827.89
2026-03-06,02318,49.884,4635000,231214144.31
2026-03-09,02318,49.969,4680000,233855519.14
2026-03-10,02318,50.054,4725000,236504965.5
2026-03-11,02318,50.139,4770000,239162496.55
2026-03-12,02318,50.224,4230000,212447138.25
2026-03-13,02318,50.309,4275000,215071085.29
2026-03-16,02318,50.394,4320000,217703101.25
2026-03-17,02318,50.48,4365000,220343199.27
2026-03-18,02318,50.565,4410000,222991392.55
2026-03-19,02318,49.598,4455000,220960650.17
2026-03-20,02318,49.683,4500000,223574415.6
2026-03-23,02318,49.768,4545000,226196247.27
2026-03-24,02318,49.853,4590000,228826158.38
2026-03-25,02318,49.938,4635000,231464162.11
2026-03-26,02318,50.024,4680000,234110271.66
2026-03-27,02318,50.109,4725000,236764500.26
2026-03-30,02318,50.194,4770000,239426861.14
2026-03-31,02318,50.28,4230000,212683668.71
2026-04-01,02318,50.365,4275000,215312251.09
2026-04-02,02318,50.451,4320000,217948949.87
2026-04-03,02318,50.537,4365000,220593778.32
2026-04-06,02318,50.623,4410000,223246749.69
2026-04-07,02318,50.709,4455000,225907877.27
2026-04-08,02318,50.795,4500000,228577174.37
2026-04-09,02318,50.881,4545000,231254654.31
2026-04-10,02318,50.967,4590000,233940330.43
2026-04-13,02318,51.054,4635000,236634216.07
2026-04-14,02318,51.14,4680000,239336324.62
2026-04-15,02318,51.227,4725000,242046669.46
2026-04-16,02318,51.313,4770000,244765263.99
2026-04-17,02318,50.333,4230000,212906780.93
2026-04-20,02318,50.419,4275000,215539864.24
2026-04-21,02318,50.505,4320000,218181111.65
2026-04-22,02318,50.591,4365000,220830536.49
2026-04-23,02318,50.678,4410000,223488152.14
2026-04-24,02318,50.764,4455000,226153971.96
2026-04-27,02318,50.851,4500000,228828009.36
2026-04-28,02318,50.937,4545000,231510277.75
2026-04-29,02318,51.024,4590000,234200790.57
2026-04-30,02318,51.111,4635000,236899561.27
2026-05-01,02318,51.198,4680000,239606603.3
2026-05-04,02318,51.285,4725000,242321930.16
2025-04-01,00005,69.3,3290000,227997000.0
2025-04-02,00005,69.363,3325000,230632184.47
2025-04-03,00005,69.426,3360000,233271738.65
2025-04-04,00005,69.489,3395000,235915661.14
2025-04-07,00005,69.552,3430000,238563950.56
2025-04-08,00005,69.615,3465000,241216605.51
2025-04-09,00005,69.678,3500000,243873624.6
2025-04-10,00005,69.741,3535000,246535006.44
2025-04-11,00005,69.804,3570000,249200749.66
2025-04-14,00005,69.867,3605000,251870852.85
2025-04-15,00005,69.93,3640000,254545314.63
2025-04-16,00005,69.993,3675000,257224133.61
2025-04-17,00005,70.056,3710000,259907308.41
2025-04-18,00005,70.119,3290000,230690791.94
2025-04-21,00005,70.182,3325000,233354059.16
2025-04-22,00005,70.245,3360000,236021684.09
2025-04-23,00005,70.307,3395000,238693665.32
2025-04-24,00005,70.37,3430000,241370001.47
2025-04-25,00005,70.433,3465000,244050691.15
2025-04-28,00005,70.496,3500000,246735732.98
2025-04-29,00005,70.559,3535000,249425125.57
2025-04-30,00005,69.155,3570000,246881977.11
2025-05-01,00005,69.218,3605000,249529253.83
2025-05-02,00005,69.28,3640000,252180887.36
2025-05-05,00005,69.343,3675000,254836876.32
2025-05-06,00005,69.406,3710000,257497219.33
2025-05-07,00005,69.469,3290000,228553458.04
2025-05-08,00005,69.532,3325000,231193901.71
2025-05-09,00005,69.595,3360000,233838701.3
2025-05-12,00005,69.658,3395000,236487855.43
2025-05-13,00005,69.721,3430000,239141362.72
2025-05-14,00005,69.783,3465000,241799221.77
2025-05-15,00005,69.846,3500000,244461431.2
2025-05-16,00005,69.909,3535000,247127989.63
2025-05-19,00005,69.972,3570000,249798895.67
2025-05-20,00005,70.034,3605000,252474147.93
2025-05-21,00005,70.097,3640000,255153745.04
2025-05-22,00005,70.16,3675000,257837685.61
2025-05-23,00005,70.223,3710000,260525968.25
2025-05-26,00005,70.285,3290000,231238762.7
2025-05-27,00005,70.348,3325000,233907200.47
2025-05-28,00005,70.411,3360000,236579982.2
2025-05-29,00005,69.01,3395000,234287374.31
2025-05-30,00005,69.072,3430000,236918107.53
2025-06-02,00005,69.135,3465000,239553190.74
2025-06-03,00005,69.198,3500000,242192622.57
2025-06-04,00005,69.261,3535000,244836401.63
2025-06-05,00005,69.323,3570000,247484526.53
2025-06-06,00005,69.386,3605000,250136995.9
2025-06-09,00005,69.449,3640000,252793808.34
2025-06-10,00005,69.512,3675000,255454962.48
2025-06-11,00005,69.574,3710000,258120456.94
2025-06-12,00005,69.637,3290000,229105488.69
2025-06-13,00005,69.7,3325000,231751146.48
2025-06-16,00005,69.762,3360000,234401146.45
2025-06-17,00005,69.825,3395000,237055487.22
2025-06-18,00005,69.888,3430000,239714167.42
2025-06-19,00005,69.95,3465000,242377185.66
2025-06-20,00005,70.013,3500000,245044540.55
2025-06-23,00005,70.075,3535000,247716230.73
2025-06-24,00005,70.138,3570000,250392254.81
2025-06-25,00005,70.2,3605000,253072611.4
2025-06-26,00005,70.263,3640000,255757299.13
2025-06-27,00005,68.865,3675000,253077995.5
2025-06-30,00005,68.927,3710000,255720756.45
2025-07-01,00005,68.99,3290000,226977367.55
2025-07-02,00005,69.053,3325000,229600300.03
2025-07-03,00005,69.115,3360000,232227572.93
2025-07-04,00005,69.178,3395000,234859184.87
2025-07-07,00005,69.241,3430000,237495134.47
2025-07-08,00005,69.303,3465000,240135420.34
2025-07-09,00005,69.366,3500000,242780041.12
2025-07-10,00005,69.428,3535000,245428995.42
2025-07-11,00005,69.491,3570000,248082281.86
2025-07-14,00005,69.553,3605000,250739899.05
2025-07-15,00005,69.616,3640000,253401845.63
2025-07-16,00005,69.678,3675000,256068120.21
2025-07-17,00005,69.741,3710000,258738721.42
2025-07-18,00005,69.803,3290000,229653111.21
2025-07-21,00005,69.866,3325000,232303938.22
2025-07-22,00005,69.928,3360000,234959093.72
2025-07-23,00005,69.991,3395000,237618576.34
2025-07-24,00005,70.053,3430000,240282384.69
2025-07-25,00005,70.116,3465000,242950517.4
2025-07-28,00005,68.72,3500000,240521012.23
2025-07-29,00005,68.783,3535000,243147285.21
2025-07-30,00005,68.845,3570000,245777888.58
2025-07-31,00005,68.908,3605000,248412820.94
2025-08-01,00005,68.97,3640000,251052080.93
2025-08-04,00005,69.033,3675000,253695667.16
2025-08-05,00005,69.095,3710000,256343578.26
2025-08-06,00005,69.158,3290000,227529031.85
2025-08-07,00005,69.22,3325000,230157176.92
2025-08-08,00005,69.283,3360000,232789648.73
2025-08-11,00005,69.345,3395000,235426445.9
2025-08-12,00005,69.407,3430000,238067567.05
2025-08-13,00005,69.47,3465000,240713010.8
2025-08-14,00005,69.532,3500000,243362775.78
2025-08-15,00005,69.595,3535000,246016860.61
2025-08-18,00005,69.657,3570000,248675263.91
2025-08-19,00005,69.719,3605000,251337984.32
2025-08-20,00005,69.782,3640000,254005020.46
2025-08-21,00005,69.844,3675000,256676370.94
2025-08-22,00005,69.906,3710000,259352034.4
2025-08-25,00005,69.968,3290000,230196344.77
2025-08-26,00005,68.576,3325000,228015601.73
2025-08-27,00005,68.639,3360000,230625444.31
2025-08-28,00005,68.701,3395000,233239610.48
2025-08-29,00005,68.763,3430000,235858098.88
2025-09-01,00005,68.826,3465000,238480908.12
2025-09-02,00005,68.888,3500000,241108036.84
2025-09-03,00005,68.95,3535000,243739483.65
2025-09-04,00005,69.013,3570000,246375247.19
2025-09-05,00005,69.075,3605000,249015326.08
2025-09-08,00005,69.137,3640000,251659718.94
2025-09-09,00005,69.2,3675000,254308424.4
2025-09-10,00005,69.262,3710000,256961441.09
2025-09-11,00005,69.324,3290000,228076300.54
2025-09-12,00005,69.386,3325000,230709613.45
2025-09-15,00005,69.449,3360000,233347239.45
2025-09-16,00005,69.511,3395000,235989177.17
2025-09-17,00005,69.573,3430000,238635425.23
2025-09-18,00005,69.635,3465000,241285982.27
2025-09-19,00005,69.697,3500000,243940846.9
2025-09-22,00005,69.76,3535000,246600017.75
2025-09-23,00005,69.822,3570000,249263493.47
2025-09-24,00005,68.432,3605000,246698278.87
2025-09-25,00005,68.495,3640000,249320082.79
2025-09-26,00005,68.557,3675000,251946197.56
2025-09-29,00005,68.619,3710000,254576621.81
2025-09-30,00005,68.681,3290000,225961376.55
2025-10-01,00005,68.743,3325000,228572105.17
2025-10-02,00005,68.806,3360000,231187145.13
2025-10-03,00005,68.868,3395000,233806495.04
2025-10-06,00005,68.93,3430000,236430153.56
2025-10-07,00005,68.992,3465000,239058119.29
2025-10-08,00005,69.054,3500000,241690390.87
2025-10-09,00005,69.117,3535000,244326966.94
2025-10-10,00005,69.179,3570000,246967846.11
2025-10-13,00005,69.241,3605000,249613027.02
2025-10-14,00005,69.303,3640000,252262508.3
2025-10-15,00005,69.365,3675000,254916288.58
2025-10-16,00005,69.427,3710000,257574366.49
2025-10-17,00005,69.489,3290000,228619192.73
2025-10-20,00005,69.551,3325000,231257628.92
2025-10-21,00005,69.613,3360000,233900364.59
2025-10-22,00005,69.675,3395000,236547398.39
2025-10-23,00005,68.289,3430000,234230209.34
2025-10-24,00005,68.351,3465000,236835638.0
2025-10-27,00005,68.413,3500000,239445370.76
2025-10-28,00005,68.475,3535000,242059406.25
2025-10-29,00005,68.537,3570000,244677743.1
2025-10-30,00005,68.599,3605000,247300379.95
2025-10-31,00005,68.661,3640000,249927315.41
2025-11-03,00005,68.723,3675000,252558548.14
2025-11-04,00005,68.785,3710000,255194076.74
2025-11-05,00005,68.848,3290000,226508285.87
2025-11-06,00005,68.91,3325000,229124180.87
2025-11-07,00005,68.972,3360000,231744373.61
2025-11-10,00005,69.034,3395000,234368862.72
2025-11-11,00005,69.096,3430000,236997646.84
2025-11-12,00005,69.157,3465000,239630724.6
2025-11-13,00005,69.219,3500000,242268094.63
2025-11-14,00005,69.281,3535000,244909755.56
2025-11-17,00005,69.343,3570000,247555706.02
2025-11-18,00005,69.405,3605000,250205944.66
2025-11-19,00005,69.467,3640000,252860470.1
2025-11-20,00005,69.529,3675000,255519280.98
2025-11-21,00005,68.145,3710000,252819537.26
2025-11-24,00005,68.207,3290000,224402478.17
2025-11-25,00005,68.269,3325000,226995886.1
2025-11-26,00005,68.331,3360000,229593590.02
2025-11-27,00005,68.393,3395000,232195588.57
2025-11-28,00005,68.455,3430000,234801880.38
2025-12-01,00005,68.517,3465000,237412464.08
2025-12-02,00005,68.579,3500000,240027338.31
2025-12-03,00005,68.641,3535000,242646501.7
2025-12-04,00005,68.703,3570000,245269952.88
2025-12-05,00005,68.765,3605000,247897690.5
2025-12-08,00005,68.827,3640000,250529713.18
2025-12-09,00005,68.889,3675000,253166019.56
2025-12-10,00005,68.951,3710000,255806608.28
2025-12-11,00005,69.012,3290000,227050831.12
2025-12-12,00005,69.074,3325000,229671848.07
2025-12-15,00005,69.136,3360000,232297149.2
2025-12-16,00005,69.198,3395000,234926733.16
2025-12-17,00005,69.26,3430000,237560598.57
2025-12-18,00005,69.321,3465000,240198744.08
2025-12-19,00005,69.383,3500000,242841168.32
2025-12-22,00005,68.002,3535000,240388715.36
2025-12-23,00005,68.064,3570000,242989721.27
2025-12-24,00005,68.126,3605000,245595011.85
2025-12-25,00005,68.188,3640000,248204585.77
2025-12-26,00005,68.25,3675000,250818441.64
2025-12-29,00005,68.312,3710000,253436578.12
2025-12-30,00005,68.374,3290000,224949022.61
2025-12-31,00005,68.435,3325000,227547595.4
2026-01-01,00005,68.497,3360000,230150450.64
2026-01-02,00005,68.559,3395000,232757586.96
2026-01-05,00005,68.621,3430000,235369003.0
2026-01-06,00005,68.682,3465000,237984697.4
2026-01-07,00005,68.744,3500000,240604668.79
2026-01-08,00005,68.806,3535000,243228915.82
2026-01-09,00005,68.868,3570000,245857437.12
2026-01-12,00005,68.929,3605000,248490231.33
2026-01-13,00005,68.991,3640000,251127297.09
2026-01-14,00005,69.053,3675000,253768633.05
2026-01-15,00005,69.114,3710000,256414237.83
2026-01-16,00005,69.176,3290000,227589031.28
2026-01-19,00005,69.238,3325000,230215125.94
2026-01-20,00005,67.86,3360000,228008938.04
2026-01-21,00005,67.922,3395000,230593680.61
2026-01-22,00005,67.983,3430000,233182701.16
2026-01-23,00005,68.045,3465000,235775998.33
2026-01-26,00005,68.107,3500000,238373570.76
2026-01-27,00005,68.168,3535000,240975417.09
2026-01-28,00005,68.23,3570000,243581535.95
2026-01-29,00005,68.292,3605000,246191925.99
2026-01-30,00005,68.353,3640000,248806585.85
2026-02-02,00005,68.415,3675000,251425514.16
2026-02-03,00005,68.477,3710000,254048709.57
2026-02-04,00005,68.538,3290000,225491215.4
2026-02-05,00005,68.6,3325000,228094908.74
2026-02-06,00005,68.662,3360000,230702871.02
2026-02-09,00005,68.723,3395000,233315100.88
2026-02-10,00005,68.785,3430000,235931596.97
2026-02-11,00005,68.846,3465000,238552357.92
2026-02-12,00005,68.908,3500000,241177382.37
2026-02-13,00005,68.969,3535000,243806668.98
2026-02-16,00005,69.031,3570000,246440216.37
2026-02-17,00005,69.092,3605000,249078023.2
2026-02-18,00005,67.717,3640000,246491480.93
2026-02-19,00005,67.779,3675000,249088055.37
2026-02-20,00005,67.841,3710000,251688895.18
2026-02-23,00005,67.902,3290000,223398466.4
2026-02-24,00005,67.964,3325000,225979812.2
2026-02-25,00005,68.025,3360000,228565425.21
2026-02-26,00005,68.087,3395000,231155304.06
2026-02-27,00005,68.149,3430000,233749447.41
2026-03-02,00005,68.21,3465000,236347853.88
2026-03-03,00005,68.272,3500000,238950522.13
2026-03-04,00005,68.333,3535000,241557450.8
2026-03-05,00005,68.395,3570000,244168638.53
2026-03-06,00005,68.456,3605000,246784083.97
2026-03-09,00005,68.518,3640000,249403785.76
2026-03-10,00005,68.579,3675000,252027742.54
2026-03-11,00005,68.64,3710000,254655952.96
2026-03-12,00005,68.702,3290000,226029075.45
2026-03-13,00005,68.763,3325000,228637845.22
2026-03-16,00005,68.825,3360000,231250870.47
2026-03-17,00005,68.886,3395000,233868149.84
2026-03-18,00005,68.947,3430000,236489681.98
2026-03-19,00005,67.575,3465000,234148675.45
2026-03-20,00005,67.637,3500000,236729041.15
2026-03-23,00005,67.698,3535000,239313665.55
2026-03-24,00005,67.76,3570000,241902547.27
2026-03-25,00005,67.821,3605000,244495684.97
2026-03-26,00005,67.883,3640000,247093077.29
2026-03-27,00005,67.944,3675000,249694722.88
2026-03-30,00005,68.006,3710000,252300620.39
2026-03-31,00005,68.067,3290000,223940301.25
2026-04-01,00005,68.128,3325000,226526766.14
2026-04-02,00005,68.19,3360000,229117484.77
2026-04-03,00005,68.251,3395000,231712455.8
2026-04-06,00005,68.312,3430000,234311677.87
2026-04-07,00005,68.374,3465000,236915149.63
2026-04-08,00005,68.435,3500000,239522869.72
2026-04-09,00005,68.496,3535000,242134836.79
2026-04-10,00005,68.558,3570000,244751049.49
2026-04-13,00005,68.619,3605000,247371506.47
2026-04-14,00005,68.68,3640000,249996206.38
2026-04-15,00005,68.742,3675000,252625147.85
2026-04-16,00005,68.803,3710000,255258329.55
2026-04-17,00005,67.434,3290000,221856573.08
2026-04-20,00005,67.495,3325000,224420786.63
2026-04-21,00005,67.556,3360000,226989252.2
2026-04-22,00005,67.618,3395000,229561968.44
2026-04-23,00005,67.679,3430000,232138933.99
2026-04-24,00005,67.74,3465000,234720147.49
2026-04-27,00005,67.802,3500000,237305607.61
2026-04-28,00005,67.863,3535000,239895312.98
2026-04-29,00005,67.924,3570000,242489262.26
2026-04-30,00005,67.985,3605000,245087454.1
2026-05-01,00005,68.047,3640000,247689887.14
2026-05-04,00005,68.108,3675000,250296560.03
